﻿<?xml version="1.0" encoding="utf-8"?>
<publishData>
  <publishProfile publishUrl="C:\Users\admin1\Desktop\MiniProject" deleteExistingFiles="False" ftpAnonymousLogin="False" ftpPassiveMode="True" msdeploySite="" msdeploySiteID="" msdeployRemoteSitePhysicalPath="" msdeployAllowUntrustedCertificate="False" msdeploySkipExtraFilesOnServer="True" msdeployMarkAsApp="False" profileName="Profile1" publishMethod="FileSystem" replaceMatchingFiles="True" userName="" savePWD="False" userPWD="" SelectedForPublish="True">
    <file relUrl="TransferAmt.aspx" publishTime="11/29/2024 03:31:20" />
    <file relUrl="UpdateCustomer.aspx" publishTime="11/29/2024 03:31:20" />
    <file relUrl="InsertCustomer.aspx" publishTime="11/29/2024 03:31:20" />
    <file relUrl="DeleteCustomer.aspx" publishTime="11/29/2024 03:31:20" />
    <file relUrl="Web.config" publishTime="11/29/2024 03:39:11" />
    <file relUrl="bin/MiniProject.pdb" publishTime="11/29/2024 03:17:00" />
    <file relUrl="Deposit.aspx" publishTime="11/29/2024 03:31:20" />
    <file relUrl="DisplayAllCustomers.aspx" publishTime="11/29/2024 03:20:42" />
    <file relUrl="Withdraw.aspx" publishTime="11/29/2024 03:31:20" />
    <file relUrl="bin/MiniProject.dll" publishTime="11/29/2024 03:17:00" />
    <file relUrl="Site.Master" publishTime="11/29/2024 03:29:14" />
  </publishProfile>
</publishData>