﻿<?xml version="1.0" encoding="utf-8"?>
<publishData>
  <publishProfile publishUrl="C:\Users\admin1\Desktop\Publish" deleteExistingFiles="True" ftpAnonymousLogin="False" ftpPassiveMode="True" msdeploySite="" msdeploySiteID="" msdeployRemoteSitePhysicalPath="" msdeployAllowUntrustedCertificate="False" msdeploySkipExtraFilesOnServer="True" msdeployMarkAsApp="False" profileName="Profile1" publishMethod="FileSystem" replaceMatchingFiles="False" userName="" savePWD="False" userPWD="" SelectedForPublish="False">
    <file relUrl="StyleSheet1.css" publishTime="10/26/2024 07:19:02" />
    <file relUrl="Web.config" publishTime="11/22/2024 20:04:07" />
    <file relUrl="bin/BankMS.pdb" publishTime="11/22/2024 20:04:07" />
    <file relUrl="Bank.aspx" publishTime="10/26/2024 06:59:20" />
    <file relUrl="BankGUI.aspx" publishTime="11/22/2024 20:02:44" />
    <file relUrl="bin/BankMS.dll" publishTime="11/22/2024 20:04:07" />
  </publishProfile>
  <publishProfile publishUrl="C:\Users\admin1\Desktop\WebSite" deleteExistingFiles="False" ftpAnonymousLogin="False" ftpPassiveMode="True" msdeploySite="" msdeploySiteID="" msdeployRemoteSitePhysicalPath="" msdeployAllowUntrustedCertificate="False" msdeploySkipExtraFilesOnServer="True" msdeployMarkAsApp="False" profileName="Profile2" publishMethod="FileSystem" replaceMatchingFiles="True" userName="" savePWD="False" userPWD="" SelectedForPublish="True">
    <file relUrl="bin/BankMS.pdb" publishTime="11/22/2024 20:35:30" />
    <file relUrl="StyleSheet1.css" publishTime="10/26/2024 07:19:02" />
    <file relUrl="Web.config" publishTime="11/22/2024 20:35:30" />
    <file relUrl="BankGUI.aspx" publishTime="11/22/2024 20:02:44" />
    <file relUrl="Bank.aspx" publishTime="10/26/2024 06:59:20" />
    <file relUrl="bin/BankMS.dll" publishTime="11/22/2024 20:35:30" />
  </publishProfile>
</publishData>