﻿<?xml version="1.0" encoding="utf-8"?>
<publishData>
  <publishProfile publishUrl="C:\Users\admin1\Desktop\EcPro" deleteExistingFiles="True" ftpAnonymousLogin="False" ftpPassiveMode="True" msdeploySite="" msdeploySiteID="" msdeployRemoteSitePhysicalPath="" msdeployAllowUntrustedCertificate="False" msdeploySkipExtraFilesOnServer="True" msdeployMarkAsApp="False" profileName="Profile1" publishMethod="FileSystem" replaceMatchingFiles="False" userName="" savePWD="False" userPWD="" SelectedForPublish="True">
    <file relUrl="images/Garden_Tools.jpg" publishTime="11/25/2024 22:04:25" />
    <file relUrl="images/Compostable_Cutlery_Set.jpg" publishTime="11/25/2024 22:04:25" />
    <file relUrl="images/mushroom_compost.jpg" publishTime="11/25/2024 22:04:25" />
    <file relUrl="LoginForm.aspx" publishTime="11/29/2024 01:07:38" />
    <file relUrl="App_Themes/ProductViewStyleSheet.css" publishTime="11/28/2024 21:48:23" />
    <file relUrl="MiniProject.aspx" publishTime="11/29/2024 01:07:38" />
    <file relUrl="Site.Master" publishTime="11/29/2024 01:48:17" />
    <file relUrl="images/Recycled_PET_Bottles_Backpack.jpg" publishTime="11/25/2024 22:04:25" />
    <file relUrl="App_Themes/LoginStyleSheet.css" publishTime="11/28/2024 17:17:08" />
    <file relUrl="About.aspx" publishTime="11/28/2024 11:48:50" />
    <file relUrl="images/yard_waste_compost.jpg" publishTime="11/25/2024 22:04:25" />
    <file relUrl="images/Sustainable_Stationary.jpg" publishTime="11/25/2024 22:04:25" />
    <file relUrl="ReturnRefundPolicy.aspx" publishTime="11/27/2024 11:37:56" />
    <file relUrl="images/Recycled_Printing_Paper.jpg" publishTime="11/25/2024 22:04:25" />
    <file relUrl="App_Themes/NavBarStyleSheet.css" publishTime="11/29/2024 01:35:59" />
    <file relUrl="CancellationPolicy.aspx" publishTime="11/27/2024 11:37:56" />
    <file relUrl="images/Recycled_Paper_Notebook.jpg" publishTime="11/25/2024 22:04:25" />
    <file relUrl="images/Energy-Efficient_LED_Bulbs.jpg" publishTime="11/25/2024 22:04:25" />
    <file relUrl="Home.aspx" publishTime="11/27/2024 13:22:32" />
    <file relUrl="StorePage.aspx" publishTime="11/27/2024 13:26:31" />
    <file relUrl="images/coffee_grounds_compost.jpg" publishTime="11/25/2024 22:04:25" />
    <file relUrl="ProductView.aspx" publishTime="11/29/2024 00:34:40" />
    <file relUrl="ManageProducts.aspx" publishTime="11/28/2024 23:52:27" />
    <file relUrl="images/Biodegradable_Garbage_Bags.jpg" publishTime="11/25/2024 22:04:25" />
    <file relUrl="App_Themes/CheckoutStyleSheet2.css" publishTime="11/28/2024 17:09:26" />
    <file relUrl="UserDashboard.aspx" publishTime="11/29/2024 01:52:47" />
    <file relUrl="App_Themes/OrderHistoryStyleSheet.css" publishTime="11/28/2024 20:43:58" />
    <file relUrl="bin/Soil.pdb" publishTime="11/29/2024 01:31:12" />
    <file relUrl="AdminDashboard.aspx" publishTime="11/28/2024 23:09:06" />
    <file relUrl="RegisterForm.aspx" publishTime="11/29/2024 00:25:26" />
    <file relUrl="AdminLogin.aspx" publishTime="11/28/2024 22:57:24" />
    <file relUrl="images/vegetable_compost.jpg" publishTime="11/25/2024 22:04:25" />
    <file relUrl="bin/Soil.dll" publishTime="11/29/2024 01:31:12" />
    <file relUrl="ThankYou.aspx" publishTime="11/28/2024 22:56:15" />
    <file relUrl="images/vermicompost.jpg" publishTime="11/25/2024 22:04:25" />
    <file relUrl="OrderHistory.aspx" publishTime="11/29/2024 01:16:19" />
    <file relUrl="App_Themes/styles.css" publishTime="11/25/2024 22:24:38" />
    <file relUrl="Services.aspx" publishTime="11/27/2024 11:36:31" />
    <file relUrl="PrivacyPolicy.aspx" publishTime="11/27/2024 11:37:56" />
    <file relUrl="index.aspx" publishTime="11/27/2024 12:33:29" />
    <file relUrl="images/Reusable_Cloth_Shopping_Bags.jpg" publishTime="11/25/2024 22:04:25" />
    <file relUrl="images/Bamboo_Tableware_Set.jpg" publishTime="11/25/2024 22:04:25" />
    <file relUrl="Orders.aspx" publishTime="11/28/2024 23:04:03" />
    <file relUrl="Checkout.aspx" publishTime="11/29/2024 01:24:28" />
    <file relUrl="App_Themes/FooterStyleSheet1.css" publishTime="11/29/2024 01:57:23" />
    <file relUrl="App_Themes/StyleSheet1.css" publishTime="11/29/2024 01:07:38" />
    <file relUrl="Web.config" publishTime="11/29/2024 01:58:17" />
    <file relUrl="App_Themes/DashboardStyleSheet.css" publishTime="11/29/2024 00:53:18" />
    <file relUrl="Contact.aspx" publishTime="11/27/2024 12:41:01" />
  </publishProfile>
</publishData>